strain,cortijo.Julian flowering date
epiRIL1,32
epiRIL1,33
epiRIL1,35
epiRIL1,37
epiRIL1,38
epiRIL1,41
epiRIL10,37
epiRIL10,38
epiRIL10,38
epiRIL10,39
epiRIL10,40
epiRIL10,43
epiRIL101,33
epiRIL101,34
epiRIL101,34
epiRIL101,36
epiRIL101,38
epiRIL101,38
epiRIL102,36
epiRIL102,36
epiRIL102,38
epiRIL102,41
epiRIL102,41
epiRIL102,45
epiRIL103,36
epiRIL103,38
epiRIL103,39
epiRIL103,40
epiRIL103,41
epiRIL103,41
epiRIL104,38
epiRIL104,38
epiRIL104,38
epiRIL104,38
epiRIL104,40
epiRIL104,42
epiRIL105,35
epiRIL105,37
epiRIL105,39
epiRIL105,40
epiRIL105,40
epiRIL105,42
epiRIL106,35
epiRIL106,35
epiRIL106,37
epiRIL106,39
epiRIL106,39
epiRIL106,40
epiRIL107,35
epiRIL107,36
epiRIL107,36
epiRIL107,39
epiRIL107,40
epiRIL107,42
epiRIL108,35
epiRIL108,36
epiRIL108,37
epiRIL108,41
epiRIL108,43
epiRIL108,45
epiRIL11,38
epiRIL11,40
epiRIL11,42
epiRIL11,47
epiRIL110,36
epiRIL110,38
epiRIL110,39
epiRIL110,40
epiRIL110,40
epiRIL110,40
epiRIL111,35
epiRIL111,36
epiRIL111,37
epiRIL111,39
epiRIL111,41
epiRIL111,42
epiRIL112,38
epiRIL112,38
epiRIL112,39
epiRIL112,40
epiRIL112,42
epiRIL112,42
epiRIL113,33
epiRIL113,36
epiRIL113,37
epiRIL113,38
epiRIL113,39
epiRIL113,42
epiRIL114,36
epiRIL114,39
epiRIL114,39
epiRIL114,41
epiRIL114,44
epiRIL114,45
epiRIL115,36
epiRIL115,38
epiRIL115,39
epiRIL115,39
epiRIL115,40
epiRIL115,43
epiRIL116,36
epiRIL116,36
epiRIL116,38
epiRIL116,38
epiRIL116,39
epiRIL116,41
epiRIL117,33
epiRIL117,33
epiRIL117,34
epiRIL117,36
epiRIL117,39
epiRIL117,41
epiRIL118,33
epiRIL118,33
epiRIL118,34
epiRIL118,36
epiRIL118,38
epiRIL118,40
epiRIL119,34
epiRIL119,35
epiRIL119,38
epiRIL119,40
epiRIL119,42
epiRIL119,
epiRIL12,34
epiRIL12,36
epiRIL12,37
epiRIL12,38
epiRIL12,40
epiRIL12,40
epiRIL120,35
epiRIL120,35
epiRIL120,37
epiRIL120,38
epiRIL120,39
epiRIL120,42
epiRIL121,34
epiRIL121,35
epiRIL121,36
epiRIL121,36
epiRIL121,38
epiRIL121,40
epiRIL122,36
epiRIL122,37
epiRIL122,40
epiRIL122,42
epiRIL122,43
epiRIL122,43
epiRIL124,36
epiRIL124,37
epiRIL124,38
epiRIL124,38
epiRIL124,39
epiRIL124,39
epiRIL125,33
epiRIL125,36
epiRIL125,36
epiRIL125,39
epiRIL125,40
epiRIL125,43
epiRIL126,33
epiRIL126,35
epiRIL126,37
epiRIL126,37
epiRIL126,39
epiRIL126,41
epiRIL128,33
epiRIL128,36
epiRIL128,38
epiRIL128,38
epiRIL128,40
epiRIL128,41
epiRIL129,30
epiRIL129,35
epiRIL129,38
epiRIL129,38
epiRIL129,40
epiRIL129,41
epiRIL13,34
epiRIL13,35
epiRIL13,39
epiRIL13,40
epiRIL13,41
epiRIL13,42
epiRIL131,34
epiRIL131,36
epiRIL131,36
epiRIL131,39
epiRIL131,42
epiRIL131,42
epiRIL134,33
epiRIL134,33
epiRIL134,36
epiRIL134,41
epiRIL134,43
epiRIL134,44
epiRIL135,35
epiRIL135,37
epiRIL135,39
epiRIL135,40
epiRIL135,42
epiRIL135,43
epiRIL136,36
epiRIL136,36
epiRIL136,40
epiRIL136,41
epiRIL136,42
epiRIL136,43
epiRIL137,35
epiRIL137,40
epiRIL137,40
epiRIL137,41
epiRIL137,43
epiRIL137,44
epiRIL138,35
epiRIL138,35
epiRIL138,36
epiRIL138,40
epiRIL138,41
epiRIL138,42
epiRIL139,32
epiRIL139,34
epiRIL139,35
epiRIL139,37
epiRIL139,38
epiRIL139,43
epiRIL14,34
epiRIL14,38
epiRIL14,40
epiRIL14,41
epiRIL14,42
epiRIL14,46
epiRIL141,36
epiRIL141,37
epiRIL141,38
epiRIL141,40
epiRIL141,41
epiRIL141,43
epiRIL143,34
epiRIL143,36
epiRIL143,38
epiRIL143,38
epiRIL143,40
epiRIL143,42
epiRIL144,36
epiRIL144,38
epiRIL144,39
epiRIL144,41
epiRIL144,42
epiRIL144,
epiRIL145,34
epiRIL145,37
epiRIL145,37
epiRIL145,40
epiRIL145,42
epiRIL145,45
epiRIL146,35
epiRIL146,36
epiRIL146,37
epiRIL146,39
epiRIL146,39
epiRIL146,40
epiRIL147,33
epiRIL147,33
epiRIL147,36
epiRIL147,39
epiRIL148,33
epiRIL148,33
epiRIL148,37
epiRIL148,38
epiRIL148,38
epiRIL148,39
epiRIL149,33
epiRIL149,37
epiRIL149,39
epiRIL149,39
epiRIL149,42
epiRIL149,43
epiRIL15,33
epiRIL15,35
epiRIL15,37
epiRIL15,40
epiRIL15,41
epiRIL15,
epiRIL150,32
epiRIL150,35
epiRIL150,35
epiRIL150,38
epiRIL150,38
epiRIL150,40
epiRIL151,34
epiRIL151,36
epiRIL151,37
epiRIL151,37
epiRIL151,41
epiRIL151,43
epiRIL152,35
epiRIL152,37
epiRIL152,37
epiRIL152,38
epiRIL152,40
epiRIL152,43
epiRIL153,36
epiRIL153,36
epiRIL153,37
epiRIL153,39
epiRIL153,40
epiRIL153,41
epiRIL154,34
epiRIL154,37
epiRIL154,38
epiRIL154,40
epiRIL154,40
epiRIL154,43
epiRIL155,35
epiRIL155,36
epiRIL155,37
epiRIL155,41
epiRIL155,43
epiRIL155,43
epiRIL156,33
epiRIL156,34
epiRIL156,35
epiRIL156,38
epiRIL156,38
epiRIL156,43
epiRIL157,36
epiRIL157,36
epiRIL157,36
epiRIL157,40
epiRIL157,40
epiRIL157,45
epiRIL158,35
epiRIL158,36
epiRIL158,36
epiRIL158,39
epiRIL158,40
epiRIL158,44
epiRIL159,37
epiRIL159,38
epiRIL159,42
epiRIL159,42
epiRIL159,43
epiRIL159,43
epiRIL16,34
epiRIL16,35
epiRIL16,37
epiRIL16,37
epiRIL16,38
epiRIL16,43
epiRIL160,37
epiRIL160,38
epiRIL160,38
epiRIL160,38
epiRIL160,40
epiRIL160,41
epiRIL161,37
epiRIL161,37
epiRIL161,38
epiRIL161,38
epiRIL161,39
epiRIL161,42
epiRIL162,34
epiRIL162,36
epiRIL162,39
epiRIL162,40
epiRIL162,41
epiRIL162,42
epiRIL163,34
epiRIL163,38
epiRIL163,39
epiRIL163,39
epiRIL163,40
epiRIL163,41
epiRIL164,39
epiRIL164,39
epiRIL164,42
epiRIL164,43
epiRIL164,43
epiRIL164,44
epiRIL165,34
epiRIL165,35
epiRIL165,36
epiRIL165,39
epiRIL165,41
epiRIL165,43
epiRIL166,37
epiRIL166,37
epiRIL166,39
epiRIL166,40
epiRIL166,42
epiRIL166,42
epiRIL167,36
epiRIL167,36
epiRIL167,38
epiRIL167,39
epiRIL167,40
epiRIL167,40
epiRIL168,35
epiRIL168,37
epiRIL168,37
epiRIL168,38
epiRIL168,41
epiRIL168,41
epiRIL169,38
epiRIL169,41
epiRIL169,42
epiRIL169,44
epiRIL169,44
epiRIL169,45
epiRIL17,35
epiRIL17,35
epiRIL17,37
epiRIL17,38
epiRIL17,38
epiRIL17,39
epiRIL170,38
epiRIL170,39
epiRIL170,40
epiRIL170,41
epiRIL170,43
epiRIL170,44
epiRIL171,36
epiRIL171,36
epiRIL171,37
epiRIL171,37
epiRIL171,39
epiRIL171,41
epiRIL172,33
epiRIL172,34
epiRIL172,37
epiRIL172,37
epiRIL172,38
epiRIL172,40
epiRIL173,36
epiRIL173,36
epiRIL173,37
epiRIL173,38
epiRIL173,38
epiRIL173,39
epiRIL174,35
epiRIL174,38
epiRIL174,39
epiRIL174,39
epiRIL174,40
epiRIL174,40
epiRIL175,36
epiRIL175,39
epiRIL175,39
epiRIL175,41
epiRIL175,42
epiRIL175,43
epiRIL176,34
epiRIL176,36
epiRIL176,38
epiRIL176,39
epiRIL176,41
epiRIL176,42
epiRIL177,33
epiRIL177,36
epiRIL177,37
epiRIL177,39
epiRIL177,40
epiRIL177,41
epiRIL178,34
epiRIL178,36
epiRIL178,37
epiRIL178,37
epiRIL178,37
epiRIL178,43
epiRIL179,35
epiRIL179,38
epiRIL179,39
epiRIL179,40
epiRIL179,40
epiRIL179,41
epiRIL18,36
epiRIL18,36
epiRIL18,39
epiRIL18,41
epiRIL18,41
epiRIL18,42
epiRIL180,32
epiRIL180,34
epiRIL180,37
epiRIL180,37
epiRIL180,37
epiRIL180,41
epiRIL181,34
epiRIL181,36
epiRIL181,36
epiRIL181,37
epiRIL181,43
epiRIL181,43
epiRIL183,38
epiRIL183,39
epiRIL183,40
epiRIL183,43
epiRIL183,43
epiRIL183,44
epiRIL184,35
epiRIL184,35
epiRIL184,36
epiRIL184,41
epiRIL184,42
epiRIL184,43
epiRIL185,36
epiRIL185,36
epiRIL185,38
epiRIL185,40
epiRIL185,42
epiRIL185,43
epiRIL186,36
epiRIL186,36
epiRIL186,38
epiRIL186,41
epiRIL186,42
epiRIL186,44
epiRIL187,32
epiRIL187,34
epiRIL187,38
epiRIL187,38
epiRIL187,40
epiRIL187,42
epiRIL188,32
epiRIL188,34
epiRIL188,37
epiRIL188,38
epiRIL188,38
epiRIL188,40
epiRIL189,34
epiRIL189,34
epiRIL189,35
epiRIL189,37
epiRIL189,40
epiRIL189,42
epiRIL19,33
epiRIL19,35
epiRIL19,37
epiRIL19,39
epiRIL190,34
epiRIL190,35
epiRIL190,35
epiRIL190,36
epiRIL190,36
epiRIL190,39
epiRIL191,33
epiRIL191,34
epiRIL191,35
epiRIL191,36
epiRIL191,37
epiRIL191,38
epiRIL193,30
epiRIL193,31
epiRIL193,32
epiRIL193,35
epiRIL193,36
epiRIL193,38
epiRIL194,32
epiRIL194,36
epiRIL194,37
epiRIL194,37
epiRIL194,39
epiRIL194,40
epiRIL195,35
epiRIL195,36
epiRIL195,38
epiRIL195,40
epiRIL195,40
epiRIL195,40
epiRIL196,34
epiRIL196,35
epiRIL196,37
epiRIL196,38
epiRIL196,40
epiRIL196,45
epiRIL197,34
epiRIL197,34
epiRIL197,37
epiRIL197,39
epiRIL197,39
epiRIL197,41
epiRIL198,34
epiRIL198,35
epiRIL198,37
epiRIL198,38
epiRIL198,39
epiRIL198,40
epiRIL199,33
epiRIL199,35
epiRIL199,38
epiRIL199,41
epiRIL199,42
epiRIL199,42
epiRIL2,33
epiRIL2,35
epiRIL2,37
epiRIL2,38
epiRIL2,40
epiRIL2,42
epiRIL20,36
epiRIL20,37
epiRIL20,37
epiRIL20,40
epiRIL20,41
epiRIL20,43
epiRIL200,35
epiRIL200,38
epiRIL200,38
epiRIL200,41
epiRIL200,41
epiRIL200,42
epiRIL201,37
epiRIL201,37
epiRIL201,40
epiRIL201,40
epiRIL201,40
epiRIL201,40
epiRIL202,33
epiRIL202,35
epiRIL202,35
epiRIL202,36
epiRIL202,38
epiRIL202,39
epiRIL203,35
epiRIL203,37
epiRIL203,37
epiRIL203,39
epiRIL203,41
epiRIL203,41
epiRIL204,32
epiRIL204,35
epiRIL204,37
epiRIL204,38
epiRIL204,42
epiRIL204,43
epiRIL205,34
epiRIL205,36
epiRIL205,37
epiRIL205,38
epiRIL205,39
epiRIL205,39
epiRIL206,35
epiRIL206,37
epiRIL206,37
epiRIL206,39
epiRIL206,39
epiRIL206,44
epiRIL207,32
epiRIL207,35
epiRIL207,35
epiRIL207,40
epiRIL207,42
epiRIL207,43
epiRIL208,32
epiRIL208,33
epiRIL208,35
epiRIL208,35
epiRIL208,38
epiRIL208,39
epiRIL209,33
epiRIL209,36
epiRIL209,36
epiRIL209,37
epiRIL209,39
epiRIL209,40
epiRIL21,34
epiRIL21,35
epiRIL21,37
epiRIL21,37
epiRIL21,39
epiRIL21,39
epiRIL210,31
epiRIL210,35
epiRIL210,37
epiRIL210,38
epiRIL210,38
epiRIL210,40
epiRIL211,31
epiRIL211,35
epiRIL211,36
epiRIL211,37
epiRIL211,39
epiRIL211,41
epiRIL212,35
epiRIL212,35
epiRIL212,38
epiRIL212,38
epiRIL212,40
epiRIL212,41
epiRIL213,35
epiRIL213,35
epiRIL213,36
epiRIL213,39
epiRIL213,43
epiRIL213,46
epiRIL214,35
epiRIL214,37
epiRIL214,38
epiRIL214,39
epiRIL214,42
epiRIL214,42
epiRIL215,34
epiRIL215,35
epiRIL215,36
epiRIL215,37
epiRIL215,38
epiRIL215,43
epiRIL216,33
epiRIL216,33
epiRIL216,34
epiRIL216,37
epiRIL216,38
epiRIL216,39
epiRIL217,34
epiRIL217,35
epiRIL217,37
epiRIL217,41
epiRIL217,41
epiRIL217,43
epiRIL218,31
epiRIL218,32
epiRIL218,36
epiRIL218,38
epiRIL218,38
epiRIL218,39
epiRIL219,33
epiRIL219,34
epiRIL219,35
epiRIL219,36
epiRIL219,40
epiRIL219,41
epiRIL22,36
epiRIL22,37
epiRIL22,38
epiRIL22,38
epiRIL22,38
epiRIL22,39
epiRIL220,36
epiRIL220,37
epiRIL220,38
epiRIL220,39
epiRIL220,40
epiRIL220,42
epiRIL221,32
epiRIL221,37
epiRIL221,38
epiRIL221,39
epiRIL221,40
epiRIL221,41
epiRIL222,31
epiRIL222,32
epiRIL222,35
epiRIL222,36
epiRIL222,37
epiRIL222,37
epiRIL223,35
epiRIL223,37
epiRIL223,37
epiRIL223,39
epiRIL223,40
epiRIL223,44
epiRIL224,33
epiRIL224,33
epiRIL224,34
epiRIL224,36
epiRIL224,40
epiRIL224,43
epiRIL225,35
epiRIL225,35
epiRIL225,38
epiRIL225,38
epiRIL225,40
epiRIL225,41
epiRIL226,36
epiRIL226,37
epiRIL226,38
epiRIL226,39
epiRIL226,40
epiRIL226,40
epiRIL227,33
epiRIL227,33
epiRIL227,37
epiRIL227,37
epiRIL227,41
epiRIL227,41
epiRIL229,32
epiRIL229,32
epiRIL229,36
epiRIL229,36
epiRIL229,36
epiRIL229,38
epiRIL23,34
epiRIL23,36
epiRIL23,36
epiRIL23,36
epiRIL23,39
epiRIL23,40
epiRIL230,36
epiRIL230,36
epiRIL230,36
epiRIL230,37
epiRIL230,40
epiRIL230,40
epiRIL231,35
epiRIL231,37
epiRIL231,39
epiRIL231,39
epiRIL231,41
epiRIL231,41
epiRIL232,32
epiRIL232,32
epiRIL232,32
epiRIL232,36
epiRIL232,37
epiRIL232,37
epiRIL234,34
epiRIL234,37
epiRIL234,37
epiRIL234,39
epiRIL234,40
epiRIL234,43
epiRIL235,36
epiRIL235,37
epiRIL235,37
epiRIL235,39
epiRIL235,41
epiRIL235,42
epiRIL236,36
epiRIL236,38
epiRIL236,38
epiRIL236,39
epiRIL236,41
epiRIL236,42
epiRIL237,31
epiRIL237,33
epiRIL237,36
epiRIL237,36
epiRIL237,39
epiRIL237,40
epiRIL238,35
epiRIL238,38
epiRIL238,42
epiRIL238,42
epiRIL238,44
epiRIL238,45
epiRIL239,35
epiRIL239,36
epiRIL239,36
epiRIL239,39
epiRIL239,40
epiRIL239,42
epiRIL24,34
epiRIL24,39
epiRIL24,41
epiRIL24,42
epiRIL24,43
epiRIL24,45
epiRIL240,33
epiRIL240,35
epiRIL240,37
epiRIL240,37
epiRIL240,37
epiRIL240,40
epiRIL241,34
epiRIL241,36
epiRIL241,38
epiRIL241,40
epiRIL241,40
epiRIL241,43
epiRIL243,34
epiRIL243,37
epiRIL243,37
epiRIL243,40
epiRIL243,40
epiRIL243,43
epiRIL244,35
epiRIL244,36
epiRIL244,37
epiRIL244,41
epiRIL244,42
epiRIL244,42
epiRIL245,35
epiRIL245,36
epiRIL245,37
epiRIL245,37
epiRIL245,40
epiRIL245,40
epiRIL246,34
epiRIL246,36
epiRIL246,37
epiRIL246,39
epiRIL246,41
epiRIL246,41
epiRIL247,33
epiRIL247,34
epiRIL247,35
epiRIL247,39
epiRIL247,42
epiRIL247,44
epiRIL248,35
epiRIL248,36
epiRIL248,38
epiRIL248,38
epiRIL248,39
epiRIL248,42
epiRIL249,34
epiRIL249,34
epiRIL249,37
epiRIL249,37
epiRIL249,38
epiRIL249,39
epiRIL250,34
epiRIL250,36
epiRIL250,36
epiRIL250,38
epiRIL250,39
epiRIL250,42
epiRIL252,36
epiRIL252,38
epiRIL252,39
epiRIL252,40
epiRIL252,43
epiRIL252,44
epiRIL253,31
epiRIL253,34
epiRIL253,34
epiRIL253,35
epiRIL253,35
epiRIL253,40
epiRIL254,33
epiRIL254,34
epiRIL254,36
epiRIL254,38
epiRIL254,39
epiRIL254,39
epiRIL255,34
epiRIL255,35
epiRIL255,37
epiRIL255,38
epiRIL255,39
epiRIL255,42
epiRIL256,35
epiRIL256,39
epiRIL256,39
epiRIL256,41
epiRIL256,41
epiRIL256,47
epiRIL257,32
epiRIL257,32
epiRIL257,36
epiRIL257,38
epiRIL257,39
epiRIL257,40
epiRIL258,32
epiRIL258,33
epiRIL258,36
epiRIL258,36
epiRIL258,38
epiRIL258,39
epiRIL259,34
epiRIL259,36
epiRIL259,38
epiRIL259,39
epiRIL259,40
epiRIL259,41
epiRIL26,30
epiRIL26,33
epiRIL26,35
epiRIL26,38
epiRIL26,39
epiRIL26,40
epiRIL260,35
epiRIL260,38
epiRIL260,39
epiRIL260,41
epiRIL260,42
epiRIL260,43
epiRIL261,36
epiRIL261,37
epiRIL261,37
epiRIL261,38
epiRIL261,40
epiRIL261,42
epiRIL262,38
epiRIL262,41
epiRIL262,42
epiRIL262,42
epiRIL262,43
epiRIL262,47
epiRIL263,37
epiRIL263,37
epiRIL263,40
epiRIL263,40
epiRIL263,40
epiRIL263,40
epiRIL264,35
epiRIL264,36
epiRIL264,37
epiRIL264,38
epiRIL264,39
epiRIL264,40
epiRIL266,34
epiRIL266,34
epiRIL266,34
epiRIL266,38
epiRIL266,38
epiRIL266,41
epiRIL267,36
epiRIL267,36
epiRIL267,36
epiRIL267,37
epiRIL267,38
epiRIL267,42
epiRIL269,31
epiRIL269,34
epiRIL269,37
epiRIL269,38
epiRIL269,38
epiRIL269,38
epiRIL27,35
epiRIL27,35
epiRIL27,36
epiRIL27,37
epiRIL27,38
epiRIL27,41
epiRIL270,33
epiRIL270,36
epiRIL270,36
epiRIL270,38
epiRIL270,40
epiRIL270,42
epiRIL272,35
epiRIL272,36
epiRIL272,37
epiRIL272,38
epiRIL272,39
epiRIL272,43
epiRIL273,34
epiRIL273,37
epiRIL273,37
epiRIL273,38
epiRIL273,42
epiRIL273,43
epiRIL274,36
epiRIL274,37
epiRIL274,37
epiRIL274,39
epiRIL274,39
epiRIL274,40
epiRIL275,37
epiRIL275,38
epiRIL275,39
epiRIL275,40
epiRIL275,43
epiRIL275,43
epiRIL276,34
epiRIL276,37
epiRIL276,40
epiRIL276,41
epiRIL276,43
epiRIL276,44
epiRIL277,36
epiRIL277,39
epiRIL277,42
epiRIL277,43
epiRIL277,43
epiRIL277,46
epiRIL278,36
epiRIL278,37
epiRIL278,39
epiRIL278,39
epiRIL278,40
epiRIL278,42
epiRIL279,36
epiRIL279,36
epiRIL279,36
epiRIL279,38
epiRIL279,40
epiRIL279,40
epiRIL28,35
epiRIL28,36
epiRIL28,40
epiRIL28,41
epiRIL28,41
epiRIL28,41
epiRIL280,36
epiRIL280,37
epiRIL280,37
epiRIL280,38
epiRIL280,39
epiRIL280,42
epiRIL281,35
epiRIL281,36
epiRIL281,36
epiRIL281,38
epiRIL281,39
epiRIL281,40
epiRIL282,35
epiRIL282,36
epiRIL282,37
epiRIL282,39
epiRIL282,41
epiRIL282,43
epiRIL283,32
epiRIL283,37
epiRIL283,37
epiRIL283,38
epiRIL283,38
epiRIL283,39
epiRIL284,35
epiRIL284,36
epiRIL284,38
epiRIL284,39
epiRIL284,40
epiRIL284,43
epiRIL285,34
epiRIL285,35
epiRIL285,36
epiRIL285,37
epiRIL285,38
epiRIL285,40
epiRIL286,32
epiRIL286,34
epiRIL286,35
epiRIL286,38
epiRIL286,39
epiRIL286,40
epiRIL29,38
epiRIL29,38
epiRIL29,39
epiRIL29,40
epiRIL29,42
epiRIL29,42
epiRIL291,35
epiRIL291,37
epiRIL291,39
epiRIL291,40
epiRIL291,40
epiRIL291,41
epiRIL292,34
epiRIL292,35
epiRIL292,36
epiRIL292,38
epiRIL292,41
epiRIL292,42
epiRIL294,31
epiRIL294,34
epiRIL294,37
epiRIL294,38
epiRIL294,39
epiRIL294,42
epiRIL295,35
epiRIL295,36
epiRIL295,36
epiRIL295,38
epiRIL295,39
epiRIL295,43
epiRIL296,35
epiRIL296,36
epiRIL296,37
epiRIL296,38
epiRIL296,38
epiRIL296,43
epiRIL297,32
epiRIL297,33
epiRIL297,34
epiRIL297,38
epiRIL297,38
epiRIL297,38
epiRIL298,34
epiRIL298,34
epiRIL298,36
epiRIL298,38
epiRIL298,39
epiRIL298,42
epiRIL299,37
epiRIL299,37
epiRIL299,37
epiRIL299,38
epiRIL299,41
epiRIL299,43
epiRIL3,34
epiRIL3,36
epiRIL3,37
epiRIL3,37
epiRIL3,39
epiRIL3,40
epiRIL30,36
epiRIL30,38
epiRIL30,39
epiRIL30,40
epiRIL30,40
epiRIL30,41
epiRIL300,35
epiRIL300,37
epiRIL300,38
epiRIL300,38
epiRIL300,39
epiRIL300,40
epiRIL302,33
epiRIL302,34
epiRIL302,36
epiRIL302,38
epiRIL302,39
epiRIL302,43
epiRIL303,34
epiRIL303,36
epiRIL303,36
epiRIL303,39
epiRIL303,42
epiRIL303,45
epiRIL304,35
epiRIL304,36
epiRIL304,36
epiRIL304,37
epiRIL304,40
epiRIL304,41
epiRIL305,32
epiRIL305,33
epiRIL305,33
epiRIL305,37
epiRIL305,38
epiRIL305,42
epiRIL307,32
epiRIL307,34
epiRIL307,35
epiRIL307,39
epiRIL307,40
epiRIL307,41
epiRIL308,33
epiRIL308,34
epiRIL308,34
epiRIL308,38
epiRIL308,38
epiRIL308,39
epiRIL309,37
epiRIL309,37
epiRIL309,39
epiRIL309,39
epiRIL309,39
epiRIL309,40
epiRIL31,35
epiRIL31,36
epiRIL31,36
epiRIL31,38
epiRIL31,40
epiRIL31,43
epiRIL310,35
epiRIL310,37
epiRIL310,37
epiRIL310,38
epiRIL310,39
epiRIL310,39
epiRIL311,36
epiRIL311,37
epiRIL311,38
epiRIL311,38
epiRIL311,39
epiRIL311,40
epiRIL312,36
epiRIL312,37
epiRIL312,37
epiRIL312,38
epiRIL312,41
epiRIL312,41
epiRIL313,36
epiRIL313,37
epiRIL313,39
epiRIL313,41
epiRIL313,42
epiRIL313,44
epiRIL315,34
epiRIL315,38
epiRIL315,38
epiRIL315,40
epiRIL315,43
epiRIL315,45
epiRIL317,35
epiRIL317,35
epiRIL317,35
epiRIL317,39
epiRIL317,39
epiRIL317,40
epiRIL318,33
epiRIL318,35
epiRIL318,36
epiRIL318,37
epiRIL318,38
epiRIL318,39
epiRIL319,35
epiRIL319,37
epiRIL319,39
epiRIL319,40
epiRIL319,40
epiRIL319,42
epiRIL32,33
epiRIL32,35
epiRIL32,36
epiRIL32,37
epiRIL32,41
epiRIL32,41
epiRIL321,33
epiRIL321,34
epiRIL321,38
epiRIL321,38
epiRIL321,42
epiRIL321,44
epiRIL322,36
epiRIL322,38
epiRIL322,39
epiRIL322,39
epiRIL322,40
epiRIL322,42
epiRIL323,35
epiRIL323,35
epiRIL323,36
epiRIL323,40
epiRIL323,41
epiRIL323,43
epiRIL324,33
epiRIL324,36
epiRIL324,36
epiRIL324,37
epiRIL324,39
epiRIL324,42
epiRIL326,36
epiRIL326,36
epiRIL326,37
epiRIL326,39
epiRIL326,40
epiRIL326,40
epiRIL327,36
epiRIL327,38
epiRIL327,38
epiRIL327,39
epiRIL327,40
epiRIL327,41
epiRIL328,34
epiRIL328,37
epiRIL328,37
epiRIL328,39
epiRIL328,40
epiRIL328,41
epiRIL329,35
epiRIL329,36
epiRIL329,39
epiRIL329,39
epiRIL329,41
epiRIL329,43
epiRIL33,34
epiRIL33,35
epiRIL33,38
epiRIL33,38
epiRIL33,42
epiRIL33,43
epiRIL330,33
epiRIL330,34
epiRIL330,37
epiRIL330,38
epiRIL330,39
epiRIL330,41
epiRIL331,35
epiRIL331,35
epiRIL331,38
epiRIL331,40
epiRIL331,41
epiRIL331,41
epiRIL333,34
epiRIL333,34
epiRIL333,35
epiRIL333,38
epiRIL333,38
epiRIL333,39
epiRIL334,35
epiRIL334,36
epiRIL334,38
epiRIL334,38
epiRIL334,41
epiRIL334,43
epiRIL335,34
epiRIL335,36
epiRIL335,37
epiRIL335,40
epiRIL335,40
epiRIL335,42
epiRIL337,36
epiRIL337,36
epiRIL337,37
epiRIL337,39
epiRIL337,40
epiRIL337,41
epiRIL338,32
epiRIL338,35
epiRIL338,38
epiRIL338,38
epiRIL338,39
epiRIL338,42
epiRIL339,36
epiRIL339,37
epiRIL339,38
epiRIL339,39
epiRIL339,41
epiRIL339,43
epiRIL34,31
epiRIL34,35
epiRIL34,35
epiRIL34,37
epiRIL34,38
epiRIL34,40
epiRIL340,37
epiRIL340,38
epiRIL340,38
epiRIL340,40
epiRIL340,42
epiRIL340,45
epiRIL342,35
epiRIL342,36
epiRIL342,38
epiRIL342,39
epiRIL342,39
epiRIL342,41
epiRIL343,34
epiRIL343,35
epiRIL343,35
epiRIL343,38
epiRIL343,39
epiRIL343,42
epiRIL344,33
epiRIL344,33
epiRIL344,34
epiRIL344,36
epiRIL344,38
epiRIL344,40
epiRIL345,35
epiRIL345,36
epiRIL345,36
epiRIL345,40
epiRIL345,41
epiRIL345,41
epiRIL346,36
epiRIL346,38
epiRIL346,38
epiRIL346,40
epiRIL346,41
epiRIL346,41
epiRIL347,33
epiRIL347,34
epiRIL347,37
epiRIL347,39
epiRIL347,39
epiRIL347,40
epiRIL348,34
epiRIL348,34
epiRIL348,37
epiRIL348,37
epiRIL348,38
epiRIL348,39
epiRIL349,35
epiRIL349,38
epiRIL349,39
epiRIL349,42
epiRIL349,42
epiRIL349,43
epiRIL35,35
epiRIL35,36
epiRIL35,37
epiRIL35,39
epiRIL35,41
epiRIL35,42
epiRIL350,32
epiRIL350,32
epiRIL350,34
epiRIL350,35
epiRIL350,36
epiRIL350,38
epiRIL351,35
epiRIL351,36
epiRIL351,38
epiRIL351,38
epiRIL351,39
epiRIL351,42
epiRIL352,38
epiRIL352,39
epiRIL352,39
epiRIL352,40
epiRIL352,41
epiRIL352,44
epiRIL353,32
epiRIL353,35
epiRIL353,38
epiRIL353,38
epiRIL353,40
epiRIL353,43
epiRIL354,32
epiRIL354,36
epiRIL354,36
epiRIL354,36
epiRIL354,38
epiRIL354,42
epiRIL355,36
epiRIL355,37
epiRIL355,37
epiRIL355,38
epiRIL355,41
epiRIL355,42
epiRIL356,32
epiRIL356,34
epiRIL356,36
epiRIL356,36
epiRIL356,39
epiRIL356,39
epiRIL357,34
epiRIL357,36
epiRIL357,37
epiRIL357,40
epiRIL357,41
epiRIL357,43
epiRIL358,35
epiRIL358,37
epiRIL358,37
epiRIL358,39
epiRIL358,41
epiRIL358,41
epiRIL359,33
epiRIL359,34
epiRIL359,37
epiRIL359,38
epiRIL359,38
epiRIL359,40
epiRIL36,36
epiRIL36,37
epiRIL36,38
epiRIL36,42
epiRIL36,42
epiRIL36,42
epiRIL360,35
epiRIL360,36
epiRIL360,36
epiRIL360,38
epiRIL360,40
epiRIL360,41
epiRIL361,34
epiRIL361,36
epiRIL361,38
epiRIL361,38
epiRIL361,42
epiRIL361,43
epiRIL362,32
epiRIL362,32
epiRIL362,33
epiRIL362,37
epiRIL362,37
epiRIL362,38
epiRIL363,32
epiRIL363,33
epiRIL363,34
epiRIL363,36
epiRIL363,37
epiRIL363,38
epiRIL364,32
epiRIL364,34
epiRIL364,34
epiRIL364,37
epiRIL364,38
epiRIL364,46
epiRIL365,35
epiRIL365,36
epiRIL365,37
epiRIL365,38
epiRIL365,38
epiRIL365,39
epiRIL366,31
epiRIL366,33
epiRIL366,35
epiRIL366,37
epiRIL366,37
epiRIL366,38
epiRIL367,36
epiRIL367,37
epiRIL367,39
epiRIL367,40
epiRIL367,41
epiRIL367,43
epiRIL368,35
epiRIL368,37
epiRIL368,37
epiRIL368,41
epiRIL368,41
epiRIL368,45
epiRIL369,34
epiRIL369,34
epiRIL369,35
epiRIL369,40
epiRIL369,40
epiRIL369,42
epiRIL37,34
epiRIL37,36
epiRIL37,38
epiRIL37,39
epiRIL37,39
epiRIL37,39
epiRIL370,36
epiRIL370,36
epiRIL370,38
epiRIL370,39
epiRIL370,40
epiRIL370,41
epiRIL371,33
epiRIL371,33
epiRIL371,34
epiRIL371,38
epiRIL371,39
epiRIL371,40
epiRIL372,36
epiRIL372,37
epiRIL372,37
epiRIL372,38
epiRIL372,39
epiRIL372,42
epiRIL373,34
epiRIL373,35
epiRIL373,36
epiRIL373,38
epiRIL373,40
epiRIL373,42
epiRIL374,32
epiRIL374,36
epiRIL374,37
epiRIL374,38
epiRIL374,39
epiRIL374,40
epiRIL375,32
epiRIL375,32
epiRIL375,37
epiRIL375,37
epiRIL375,37
epiRIL375,38
epiRIL376,35
epiRIL376,36
epiRIL376,39
epiRIL376,41
epiRIL376,41
epiRIL376,43
epiRIL377,39
epiRIL377,46
epiRIL377,55
epiRIL377,61
epiRIL377,63
epiRIL377,64
epiRIL378,33
epiRIL378,35
epiRIL378,36
epiRIL378,37
epiRIL378,38
epiRIL378,41
epiRIL379,33
epiRIL379,34
epiRIL379,35
epiRIL379,37
epiRIL379,39
epiRIL379,39
epiRIL38,36
epiRIL38,38
epiRIL38,39
epiRIL38,40
epiRIL38,41
epiRIL38,44
epiRIL380,35
epiRIL380,36
epiRIL380,37
epiRIL380,38
epiRIL380,38
epiRIL380,41
epiRIL381,33
epiRIL381,36
epiRIL381,36
epiRIL381,37
epiRIL381,37
epiRIL381,40
epiRIL382,33
epiRIL382,34
epiRIL382,35
epiRIL382,38
epiRIL382,40
epiRIL382,42
epiRIL383,34
epiRIL383,37
epiRIL383,37
epiRIL383,39
epiRIL383,40
epiRIL383,41
epiRIL384,35
epiRIL384,35
epiRIL384,36
epiRIL384,37
epiRIL384,38
epiRIL384,38
epiRIL385,33
epiRIL385,34
epiRIL385,34
epiRIL385,38
epiRIL385,39
epiRIL385,40
epiRIL387,34
epiRIL387,34
epiRIL387,36
epiRIL387,38
epiRIL387,39
epiRIL387,40
epiRIL388,33
epiRIL388,33
epiRIL388,36
epiRIL388,37
epiRIL388,39
epiRIL388,40
epiRIL389,34
epiRIL389,35
epiRIL389,36
epiRIL389,39
epiRIL389,39
epiRIL389,40
epiRIL390,34
epiRIL390,34
epiRIL390,37
epiRIL390,38
epiRIL390,39
epiRIL390,40
epiRIL391,33
epiRIL391,34
epiRIL391,35
epiRIL391,37
epiRIL391,38
epiRIL391,38
epiRIL392,34
epiRIL392,34
epiRIL392,37
epiRIL392,38
epiRIL392,38
epiRIL392,39
epiRIL393,37
epiRIL393,39
epiRIL393,39
epiRIL393,42
epiRIL393,44
epiRIL393,44
epiRIL394,38
epiRIL394,41
epiRIL394,44
epiRIL394,46
epiRIL394,47
epiRIL394,47
epiRIL395,35
epiRIL395,36
epiRIL395,36
epiRIL395,37
epiRIL395,37
epiRIL395,39
epiRIL396,37
epiRIL396,37
epiRIL396,39
epiRIL396,39
epiRIL396,39
epiRIL396,41
epiRIL398,36
epiRIL398,37
epiRIL398,38
epiRIL398,39
epiRIL398,39
epiRIL398,41
epiRIL4,35
epiRIL4,37
epiRIL4,37
epiRIL4,37
epiRIL4,40
epiRIL4,41
epiRIL40,33
epiRIL40,36
epiRIL40,38
epiRIL40,41
epiRIL40,42
epiRIL40,43
epiRIL400,35
epiRIL400,36
epiRIL400,36
epiRIL400,38
epiRIL400,38
epiRIL400,40
epiRIL401,35
epiRIL401,36
epiRIL401,36
epiRIL401,38
epiRIL401,38
epiRIL401,39
epiRIL402,38
epiRIL402,38
epiRIL402,38
epiRIL402,39
epiRIL402,39
epiRIL402,42
epiRIL403,34
epiRIL403,36
epiRIL403,38
epiRIL403,39
epiRIL403,42
epiRIL403,42
epiRIL407,36
epiRIL407,37
epiRIL407,40
epiRIL407,40
epiRIL407,40
epiRIL407,44
epiRIL408,40
epiRIL408,41
epiRIL408,41
epiRIL408,42
epiRIL408,42
epiRIL408,43
epiRIL41,34
epiRIL41,36
epiRIL41,38
epiRIL41,41
epiRIL41,41
epiRIL41,42
epiRIL410,35
epiRIL410,36
epiRIL410,37
epiRIL410,40
epiRIL410,41
epiRIL410,42
epiRIL411,34
epiRIL411,36
epiRIL411,36
epiRIL411,36
epiRIL411,37
epiRIL411,38
epiRIL412,37
epiRIL412,37
epiRIL412,37
epiRIL412,40
epiRIL412,42
epiRIL412,43
epiRIL413,34
epiRIL413,36
epiRIL413,36
epiRIL413,36
epiRIL413,39
epiRIL413,40
epiRIL414,35
epiRIL414,36
epiRIL414,37
epiRIL414,40
epiRIL414,41
epiRIL414,43
epiRIL415,33
epiRIL415,36
epiRIL415,38
epiRIL415,40
epiRIL415,43
epiRIL415,43
epiRIL417,34
epiRIL417,36
epiRIL417,37
epiRIL417,38
epiRIL417,38
epiRIL417,39
epiRIL418,33
epiRIL418,34
epiRIL418,34
epiRIL418,35
epiRIL418,37
epiRIL418,37
epiRIL419,33
epiRIL419,36
epiRIL419,37
epiRIL419,38
epiRIL419,38
epiRIL419,39
epiRIL42,33
epiRIL42,35
epiRIL42,36
epiRIL42,37
epiRIL42,40
epiRIL42,42
epiRIL421,39
epiRIL421,40
epiRIL421,41
epiRIL421,44
epiRIL421,45
epiRIL421,48
epiRIL422,34
epiRIL422,34
epiRIL422,35
epiRIL422,38
epiRIL422,38
epiRIL422,38
epiRIL423,36
epiRIL423,36
epiRIL423,38
epiRIL423,40
epiRIL423,43
epiRIL423,
epiRIL424,34
epiRIL424,34
epiRIL424,35
epiRIL424,39
epiRIL424,40
epiRIL424,44
epiRIL425,33
epiRIL425,34
epiRIL425,35
epiRIL425,36
epiRIL425,38
epiRIL425,
epiRIL426,33
epiRIL426,36
epiRIL426,38
epiRIL426,38
epiRIL426,38
epiRIL426,40
epiRIL427,33
epiRIL427,34
epiRIL427,38
epiRIL427,39
epiRIL427,40
epiRIL427,40
epiRIL428,35
epiRIL428,35
epiRIL428,35
epiRIL428,42
epiRIL428,42
epiRIL428,43
epiRIL43,32
epiRIL43,35
epiRIL43,36
epiRIL43,37
epiRIL43,37
epiRIL43,40
epiRIL430,33
epiRIL430,39
epiRIL430,39
epiRIL430,39
epiRIL430,42
epiRIL430,43
epiRIL431,33
epiRIL431,36
epiRIL431,39
epiRIL431,40
epiRIL431,42
epiRIL431,42
epiRIL432,32
epiRIL432,33
epiRIL432,34
epiRIL432,37
epiRIL432,37
epiRIL432,41
epiRIL433,36
epiRIL433,36
epiRIL433,37
epiRIL433,38
epiRIL433,39
epiRIL433,45
epiRIL434,37
epiRIL434,38
epiRIL434,39
epiRIL434,40
epiRIL434,44
epiRIL434,46
epiRIL435,35
epiRIL435,36
epiRIL435,38
epiRIL435,40
epiRIL435,41
epiRIL435,44
epiRIL437,33
epiRIL437,34
epiRIL437,36
epiRIL437,37
epiRIL437,37
epiRIL437,38
epiRIL438,30
epiRIL438,33
epiRIL438,33
epiRIL438,34
epiRIL438,36
epiRIL438,37
epiRIL439,40
epiRIL439,41
epiRIL439,44
epiRIL439,44
epiRIL439,45
epiRIL439,46
epiRIL44,36
epiRIL44,37
epiRIL44,37
epiRIL44,38
epiRIL44,43
epiRIL44,46
epiRIL440,36
epiRIL440,36
epiRIL440,39
epiRIL440,39
epiRIL440,41
epiRIL440,42
epiRIL442,34
epiRIL442,34
epiRIL442,37
epiRIL442,43
epiRIL442,43
epiRIL442,43
epiRIL443,34
epiRIL443,35
epiRIL443,39
epiRIL443,39
epiRIL443,41
epiRIL443,41
epiRIL447,33
epiRIL447,35
epiRIL447,36
epiRIL447,36
epiRIL447,37
epiRIL447,39
epiRIL448,36
epiRIL448,36
epiRIL448,38
epiRIL448,40
epiRIL448,41
epiRIL448,43
epiRIL449,36
epiRIL449,36
epiRIL449,36
epiRIL449,39
epiRIL449,40
epiRIL449,40
epiRIL45,34
epiRIL45,36
epiRIL45,38
epiRIL45,39
epiRIL45,40
epiRIL45,43
epiRIL450,35
epiRIL450,37
epiRIL450,40
epiRIL450,40
epiRIL450,41
epiRIL450,41
epiRIL451,36
epiRIL451,36
epiRIL451,37
epiRIL451,39
epiRIL451,40
epiRIL451,40
epiRIL452,34
epiRIL452,35
epiRIL452,37
epiRIL452,38
epiRIL452,39
epiRIL452,40
epiRIL454,30
epiRIL454,31
epiRIL454,32
epiRIL454,35
epiRIL454,35
epiRIL454,37
epiRIL455,33
epiRIL455,35
epiRIL455,35
epiRIL455,36
epiRIL455,40
epiRIL455,43
epiRIL456,33
epiRIL456,35
epiRIL456,35
epiRIL456,38
epiRIL456,45
epiRIL456,
epiRIL457,37
epiRIL457,37
epiRIL457,38
epiRIL457,39
epiRIL457,39
epiRIL457,44
epiRIL458,31
epiRIL458,32
epiRIL458,33
epiRIL458,34
epiRIL458,38
epiRIL458,38
epiRIL46,31
epiRIL46,32
epiRIL46,32
epiRIL46,35
epiRIL46,36
epiRIL46,37
epiRIL460,35
epiRIL460,36
epiRIL460,36
epiRIL460,40
epiRIL460,42
epiRIL460,43
epiRIL461,36
epiRIL461,36
epiRIL461,37
epiRIL461,40
epiRIL461,41
epiRIL461,42
epiRIL462,35
epiRIL462,35
epiRIL462,36
epiRIL462,40
epiRIL462,42
epiRIL462,42
epiRIL463,34
epiRIL463,37
epiRIL463,40
epiRIL463,40
epiRIL463,43
epiRIL463,
epiRIL464,34
epiRIL464,35
epiRIL464,37
epiRIL464,40
epiRIL464,41
epiRIL464,44
epiRIL465,36
epiRIL465,38
epiRIL465,38
epiRIL465,38
epiRIL465,40
epiRIL465,40
epiRIL466,30
epiRIL466,35
epiRIL466,37
epiRIL466,37
epiRIL466,37
epiRIL466,40
epiRIL467,33
epiRIL467,34
epiRIL467,36
epiRIL467,36
epiRIL467,37
epiRIL467,37
epiRIL469,33
epiRIL469,33
epiRIL469,36
epiRIL469,37
epiRIL469,38
epiRIL469,42
epiRIL471,32
epiRIL471,34
epiRIL471,34
epiRIL471,38
epiRIL471,39
epiRIL471,40
epiRIL472,32
epiRIL472,34
epiRIL472,35
epiRIL472,37
epiRIL472,38
epiRIL472,42
epiRIL473,37
epiRIL473,37
epiRIL473,37
epiRIL473,41
epiRIL473,43
epiRIL473,44
epiRIL475,35
epiRIL475,37
epiRIL475,38
epiRIL475,38
epiRIL475,38
epiRIL475,42
epiRIL476,37
epiRIL476,37
epiRIL476,40
epiRIL476,40
epiRIL476,42
epiRIL476,42
epiRIL477,36
epiRIL477,36
epiRIL477,40
epiRIL477,41
epiRIL477,46
epiRIL477,59
epiRIL479,36
epiRIL479,37
epiRIL479,39
epiRIL479,39
epiRIL479,40
epiRIL479,42
epiRIL48,35
epiRIL48,36
epiRIL48,37
epiRIL48,38
epiRIL48,41
epiRIL48,45
epiRIL480,36
epiRIL480,38
epiRIL480,41
epiRIL480,42
epiRIL480,42
epiRIL480,43
epiRIL483,36
epiRIL483,36
epiRIL483,38
epiRIL483,43
epiRIL484,35
epiRIL484,35
epiRIL484,37
epiRIL484,39
epiRIL484,39
epiRIL484,40
epiRIL485,32
epiRIL485,33
epiRIL485,35
epiRIL485,36
epiRIL485,37
epiRIL485,38
epiRIL486,33
epiRIL486,34
epiRIL486,37
epiRIL486,39
epiRIL486,39
epiRIL486,41
epiRIL487,37
epiRIL487,38
epiRIL487,38
epiRIL487,40
epiRIL487,43
epiRIL487,49
epiRIL488,32
epiRIL488,32
epiRIL488,36
epiRIL488,36
epiRIL488,36
epiRIL488,36
epiRIL489,38
epiRIL489,38
epiRIL489,39
epiRIL489,40
epiRIL489,40
epiRIL489,43
epiRIL49,33
epiRIL49,35
epiRIL49,37
epiRIL49,39
epiRIL49,39
epiRIL49,39
epiRIL490,33
epiRIL490,39
epiRIL490,40
epiRIL490,40
epiRIL490,41
epiRIL490,44
epiRIL491,36
epiRIL491,36
epiRIL491,37
epiRIL491,41
epiRIL491,41
epiRIL491,43
epiRIL492,32
epiRIL492,34
epiRIL492,36
epiRIL492,36
epiRIL492,37
epiRIL492,38
epiRIL493,36
epiRIL493,36
epiRIL493,39
epiRIL493,40
epiRIL493,41
epiRIL493,43
epiRIL494,31
epiRIL494,32
epiRIL494,32
epiRIL494,37
epiRIL494,37
epiRIL494,39
epiRIL495,36
epiRIL495,36
epiRIL495,38
epiRIL495,42
epiRIL495,43
epiRIL495,45
epiRIL496,37
epiRIL496,38
epiRIL496,39
epiRIL496,39
epiRIL496,41
epiRIL496,43
epiRIL497,34
epiRIL497,35
epiRIL497,37
epiRIL497,40
epiRIL497,41
epiRIL497,43
epiRIL499,36
epiRIL499,36
epiRIL499,38
epiRIL499,39
epiRIL499,40
epiRIL499,41
epiRIL50,34
epiRIL50,36
epiRIL50,36
epiRIL50,38
epiRIL50,40
epiRIL50,41
epiRIL500,34
epiRIL500,34
epiRIL500,35
epiRIL500,36
epiRIL500,36
epiRIL500,37
epiRIL501,36
epiRIL501,37
epiRIL501,41
epiRIL501,42
epiRIL501,42
epiRIL501,44
epiRIL503,35
epiRIL503,35
epiRIL503,36
epiRIL503,40
epiRIL503,40
epiRIL503,46
epiRIL504,33
epiRIL504,34
epiRIL504,36
epiRIL504,36
epiRIL504,39
epiRIL504,41
epiRIL505,33
epiRIL505,35
epiRIL505,38
epiRIL505,38
epiRIL505,39
epiRIL505,40
epiRIL506,37
epiRIL506,37
epiRIL506,38
epiRIL506,42
epiRIL506,44
epiRIL506,44
epiRIL507,34
epiRIL507,37
epiRIL507,37
epiRIL507,38
epiRIL507,39
epiRIL507,43
epiRIL508,32
epiRIL508,33
epiRIL508,36
epiRIL508,37
epiRIL508,37
epiRIL508,39
epiRIL509,37
epiRIL509,37
epiRIL509,38
epiRIL509,40
epiRIL509,41
epiRIL509,42
epiRIL51,31
epiRIL51,34
epiRIL51,38
epiRIL51,38
epiRIL51,39
epiRIL51,41
epiRIL510,35
epiRIL510,36
epiRIL510,38
epiRIL510,39
epiRIL510,39
epiRIL510,43
epiRIL511,32
epiRIL511,32
epiRIL511,34
epiRIL511,38
epiRIL511,38
epiRIL511,41
epiRIL512,35
epiRIL512,36
epiRIL512,37
epiRIL512,38
epiRIL512,40
epiRIL512,44
epiRIL513,35
epiRIL513,36
epiRIL513,36
epiRIL513,38
epiRIL513,40
epiRIL513,43
epiRIL514,36
epiRIL514,36
epiRIL514,36
epiRIL514,39
epiRIL514,40
epiRIL514,40
epiRIL515,37
epiRIL515,41
epiRIL515,41
epiRIL515,42
epiRIL515,43
epiRIL515,
epiRIL516,35
epiRIL516,35
epiRIL516,37
epiRIL516,40
epiRIL516,41
epiRIL516,43
epiRIL517,33
epiRIL517,33
epiRIL517,34
epiRIL517,37
epiRIL517,37
epiRIL517,37
epiRIL518,36
epiRIL518,36
epiRIL518,36
epiRIL518,38
epiRIL518,40
epiRIL518,41
epiRIL519,37
epiRIL519,38
epiRIL519,39
epiRIL519,39
epiRIL519,40
epiRIL519,41
epiRIL52,37
epiRIL52,39
epiRIL52,39
epiRIL52,42
epiRIL52,44
epiRIL52,45
epiRIL520,34
epiRIL520,34
epiRIL520,36
epiRIL520,37
epiRIL520,37
epiRIL520,39
epiRIL521,35
epiRIL521,36
epiRIL521,38
epiRIL521,39
epiRIL521,41
epiRIL521,43
epiRIL522,34
epiRIL522,36
epiRIL522,39
epiRIL522,40
epiRIL522,42
epiRIL522,
epiRIL523,31
epiRIL523,36
epiRIL523,36
epiRIL523,38
epiRIL523,39
epiRIL523,40
epiRIL524,32
epiRIL524,35
epiRIL524,36
epiRIL524,37
epiRIL524,37
epiRIL524,39
epiRIL526,35
epiRIL526,37
epiRIL526,37
epiRIL526,38
epiRIL526,40
epiRIL526,41
epiRIL528,36
epiRIL528,36
epiRIL528,39
epiRIL528,41
epiRIL528,42
epiRIL528,42
epiRIL529,35
epiRIL529,36
epiRIL529,37
epiRIL529,42
epiRIL529,42
epiRIL529,43
epiRIL53,35
epiRIL53,37
epiRIL53,38
epiRIL53,39
epiRIL53,44
epiRIL53,44
epiRIL531,32
epiRIL531,35
epiRIL531,35
epiRIL531,36
epiRIL531,38
epiRIL531,38
epiRIL532,35
epiRIL532,35
epiRIL532,37
epiRIL532,38
epiRIL532,38
epiRIL532,41
epiRIL533,35
epiRIL533,36
epiRIL533,36
epiRIL533,39
epiRIL533,39
epiRIL533,42
epiRIL534,34
epiRIL534,35
epiRIL534,38
epiRIL534,38
epiRIL534,40
epiRIL534,41
epiRIL535,36
epiRIL535,36
epiRIL535,38
epiRIL535,38
epiRIL535,41
epiRIL535,42
epiRIL536,32
epiRIL536,34
epiRIL536,35
epiRIL536,39
epiRIL536,39
epiRIL536,39
epiRIL537,33
epiRIL537,34
epiRIL537,36
epiRIL537,39
epiRIL537,40
epiRIL537,42
epiRIL538,33
epiRIL538,40
epiRIL538,40
epiRIL538,42
epiRIL538,42
epiRIL538,43
epiRIL539,36
epiRIL539,37
epiRIL539,38
epiRIL539,40
epiRIL539,42
epiRIL539,47
epiRIL54,35
epiRIL54,38
epiRIL54,40
epiRIL54,41
epiRIL54,41
epiRIL54,44
epiRIL540,35
epiRIL540,38
epiRIL540,39
epiRIL540,40
epiRIL540,40
epiRIL540,44
epiRIL541,35
epiRIL541,37
epiRIL541,39
epiRIL541,39
epiRIL541,40
epiRIL541,43
epiRIL542,36
epiRIL542,38
epiRIL542,38
epiRIL542,40
epiRIL542,41
epiRIL542,42
epiRIL543,37
epiRIL543,37
epiRIL543,38
epiRIL543,40
epiRIL543,42
epiRIL543,43
epiRIL544,34
epiRIL544,35
epiRIL544,40
epiRIL544,41
epiRIL544,41
epiRIL544,42
epiRIL545,35
epiRIL545,38
epiRIL545,38
epiRIL545,39
epiRIL545,40
epiRIL545,42
epiRIL546,33
epiRIL546,36
epiRIL546,38
epiRIL546,38
epiRIL546,40
epiRIL546,43
epiRIL547,36
epiRIL547,37
epiRIL547,40
epiRIL547,40
epiRIL547,42
epiRIL547,44
epiRIL548,34
epiRIL548,37
epiRIL548,37
epiRIL548,38
epiRIL548,42
epiRIL548,42
epiRIL55,31
epiRIL55,32
epiRIL55,36
epiRIL55,36
epiRIL55,39
epiRIL55,41
epiRIL550,33
epiRIL550,34
epiRIL550,35
epiRIL550,38
epiRIL550,39
epiRIL550,39
epiRIL551,35
epiRIL551,37
epiRIL551,38
epiRIL551,39
epiRIL551,41
epiRIL551,42
epiRIL552,36
epiRIL552,37
epiRIL552,38
epiRIL552,41
epiRIL552,42
epiRIL552,42
epiRIL554,33
epiRIL554,34
epiRIL554,35
epiRIL554,37
epiRIL554,38
epiRIL554,41
epiRIL556,30
epiRIL556,31
epiRIL556,32
epiRIL556,33
epiRIL556,35
epiRIL556,37
epiRIL557,33
epiRIL557,35
epiRIL557,37
epiRIL557,37
epiRIL557,39
epiRIL557,41
epiRIL558,32
epiRIL558,33
epiRIL558,36
epiRIL558,36
epiRIL558,37
epiRIL558,43
epiRIL559,37
epiRIL559,37
epiRIL559,40
epiRIL559,40
epiRIL559,41
epiRIL559,43
epiRIL56,31
epiRIL56,37
epiRIL56,37
epiRIL56,37
epiRIL56,38
epiRIL56,40
epiRIL560,36
epiRIL560,37
epiRIL560,39
epiRIL560,40
epiRIL560,42
epiRIL560,43
epiRIL561,33
epiRIL561,36
epiRIL561,37
epiRIL561,38
epiRIL561,40
epiRIL561,40
epiRIL562,34
epiRIL562,37
epiRIL562,38
epiRIL562,42
epiRIL562,43
epiRIL562,43
epiRIL563,36
epiRIL563,36
epiRIL563,37
epiRIL563,39
epiRIL563,39
epiRIL563,43
epiRIL564,33
epiRIL564,37
epiRIL564,37
epiRIL564,37
epiRIL564,38
epiRIL564,41
epiRIL565,32
epiRIL565,35
epiRIL565,36
epiRIL565,40
epiRIL565,42
epiRIL565,43
epiRIL566,34
epiRIL566,36
epiRIL566,37
epiRIL566,37
epiRIL566,40
epiRIL566,41
epiRIL567,33
epiRIL567,33
epiRIL567,34
epiRIL567,37
epiRIL567,37
epiRIL567,38
epiRIL568,38
epiRIL568,38
epiRIL568,39
epiRIL568,41
epiRIL568,43
epiRIL568,44
epiRIL569,35
epiRIL569,38
epiRIL569,38
epiRIL569,38
epiRIL569,42
epiRIL569,43
epiRIL570,34
epiRIL570,36
epiRIL570,36
epiRIL570,40
epiRIL570,42
epiRIL570,43
epiRIL571,33
epiRIL571,35
epiRIL571,35
epiRIL571,39
epiRIL571,40
epiRIL571,44
epiRIL572,36
epiRIL572,39
epiRIL572,40
epiRIL572,41
epiRIL572,44
epiRIL572,47
epiRIL573,36
epiRIL573,36
epiRIL573,37
epiRIL573,42
epiRIL573,43
epiRIL573,44
epiRIL574,33
epiRIL574,35
epiRIL574,36
epiRIL574,37
epiRIL574,38
epiRIL574,40
epiRIL575,34
epiRIL575,35
epiRIL575,37
epiRIL575,37
epiRIL575,38
epiRIL575,39
epiRIL576,34
epiRIL576,36
epiRIL576,38
epiRIL576,38
epiRIL576,39
epiRIL576,40
epiRIL578,33
epiRIL578,36
epiRIL578,38
epiRIL578,39
epiRIL578,40
epiRIL578,40
epiRIL579,32
epiRIL579,33
epiRIL579,34
epiRIL579,38
epiRIL579,38
epiRIL579,40
epiRIL58,36
epiRIL58,36
epiRIL58,38
epiRIL58,38
epiRIL58,40
epiRIL58,41
epiRIL59,34
epiRIL59,35
epiRIL59,38
epiRIL59,40
epiRIL59,41
epiRIL59,42
epiRIL6,34
epiRIL6,36
epiRIL6,36
epiRIL6,38
epiRIL6,39
epiRIL6,41
epiRIL60,48
epiRIL60,51
epiRIL60,51
epiRIL60,53
epiRIL60,54
epiRIL60,55
epiRIL62,36
epiRIL62,39
epiRIL62,40
epiRIL62,40
epiRIL62,42
epiRIL62,45
epiRIL63,33
epiRIL63,38
epiRIL63,38
epiRIL63,38
epiRIL63,39
epiRIL63,39
epiRIL64,32
epiRIL64,32
epiRIL64,34
epiRIL64,35
epiRIL64,36
epiRIL64,37
epiRIL65,32
epiRIL65,36
epiRIL65,37
epiRIL65,38
epiRIL65,40
epiRIL65,42
epiRIL67,32
epiRIL67,34
epiRIL67,39
epiRIL67,39
epiRIL67,41
epiRIL67,42
epiRIL68,36
epiRIL68,36
epiRIL68,37
epiRIL68,40
epiRIL68,41
epiRIL68,44
epiRIL69,36
epiRIL69,38
epiRIL69,39
epiRIL69,40
epiRIL69,41
epiRIL69,44
epiRIL7,34
epiRIL7,35
epiRIL7,36
epiRIL7,37
epiRIL7,39
epiRIL7,40
epiRIL70,32
epiRIL70,33
epiRIL70,34
epiRIL70,35
epiRIL70,36
epiRIL70,37
epiRIL71,30
epiRIL71,31
epiRIL71,33
epiRIL71,34
epiRIL71,37
epiRIL71,37
epiRIL72,33
epiRIL72,35
epiRIL72,38
epiRIL72,38
epiRIL72,42
epiRIL72,42
epiRIL73,34
epiRIL73,35
epiRIL73,36
epiRIL73,41
epiRIL73,42
epiRIL73,42
epiRIL74,35
epiRIL74,36
epiRIL74,38
epiRIL74,39
epiRIL74,42
epiRIL74,44
epiRIL75,33
epiRIL75,33
epiRIL75,36
epiRIL75,38
epiRIL75,39
epiRIL75,39
epiRIL76,37
epiRIL76,38
epiRIL76,40
epiRIL76,40
epiRIL76,40
epiRIL76,42
epiRIL79,33
epiRIL79,35
epiRIL79,35
epiRIL79,37
epiRIL79,38
epiRIL79,38
epiRIL8,32
epiRIL8,34
epiRIL8,35
epiRIL8,35
epiRIL8,39
epiRIL8,40
epiRIL80,36
epiRIL80,36
epiRIL80,39
epiRIL80,39
epiRIL80,41
epiRIL80,41
epiRIL81,36
epiRIL81,38
epiRIL81,38
epiRIL81,39
epiRIL81,40
epiRIL81,43
epiRIL82,35
epiRIL82,36
epiRIL82,37
epiRIL82,39
epiRIL82,42
epiRIL82,45
epiRIL83,36
epiRIL83,37
epiRIL83,37
epiRIL83,41
epiRIL83,42
epiRIL83,45
epiRIL85,35
epiRIL85,36
epiRIL85,37
epiRIL85,39
epiRIL85,41
epiRIL85,43
epiRIL86,33
epiRIL86,37
epiRIL86,37
epiRIL86,41
epiRIL86,42
epiRIL86,42
epiRIL87,35
epiRIL87,38
epiRIL87,39
epiRIL87,40
epiRIL87,41
epiRIL87,44
epiRIL88,34
epiRIL88,38
epiRIL88,38
epiRIL88,38
epiRIL88,39
epiRIL88,41
epiRIL89,35
epiRIL89,35
epiRIL89,37
epiRIL89,39
epiRIL89,39
epiRIL89,40
epiRIL9,37
epiRIL9,37
epiRIL9,37
epiRIL9,40
epiRIL9,42
epiRIL9,42
epiRIL90,34
epiRIL90,36
epiRIL90,37
epiRIL90,38
epiRIL90,38
epiRIL90,39
epiRIL91,34
epiRIL91,34
epiRIL91,34
epiRIL91,38
epiRIL91,39
epiRIL91,44
epiRIL92,30
epiRIL92,32
epiRIL92,33
epiRIL92,36
epiRIL92,36
epiRIL92,37
epiRIL93,34
epiRIL93,35
epiRIL93,39
epiRIL93,40
epiRIL93,41
epiRIL93,42
epiRIL94,36
epiRIL94,37
epiRIL94,37
epiRIL94,41
epiRIL94,43
epiRIL94,44
epiRIL95,32
epiRIL95,34
epiRIL95,35
epiRIL95,35
epiRIL95,36
epiRIL95,39
epiRIL96,35
epiRIL96,35
epiRIL96,36
epiRIL96,37
epiRIL96,39
epiRIL96,42
epiRIL97,34
epiRIL97,35
epiRIL97,35
epiRIL97,38
epiRIL97,39
epiRIL97,44
epiRIL98,48
epiRIL98,50
epiRIL98,53
epiRIL98,54
epiRIL98,56
epiRIL98,56
epiRIL99,35
epiRIL99,35
epiRIL99,41
epiRIL99,42
epiRIL99,43
epiRIL99,45