strain,raul.Julian.flowering.date
epiRIL101,32
epiRIL101,32
epiRIL101,33
epiRIL101,34
epiRIL101,36
epiRIL108,36
epiRIL108,40
epiRIL108,44
epiRIL108,44
epiRIL108,47
epiRIL11,34
epiRIL11,34
epiRIL11,38
epiRIL11,39
epiRIL11,46
epiRIL112,34
epiRIL112,35
epiRIL112,36
epiRIL112,36
epiRIL112,46
epiRIL114,30
epiRIL114,35
epiRIL114,36
epiRIL114,38
epiRIL114,43
epiRIL118,31
epiRIL118,32
epiRIL118,34
epiRIL118,36
epiRIL118,43
epiRIL137,32
epiRIL137,35
epiRIL137,35
epiRIL137,36
epiRIL137,37
epiRIL14,33
epiRIL14,35
epiRIL14,35
epiRIL14,36
epiRIL14,38
epiRIL144,35
epiRIL144,38
epiRIL144,40
epiRIL144,40
epiRIL144,43
epiRIL147,33
epiRIL147,36
epiRIL147,37
epiRIL147,37
epiRIL147,39
epiRIL148,10
epiRIL148,31
epiRIL148,33
epiRIL148,35
epiRIL148,37
epiRIL150,35
epiRIL150,36
epiRIL150,36
epiRIL150,37
epiRIL150,38
epiRIL159,34
epiRIL159,39
epiRIL159,43
epiRIL159,43
epiRIL159,44
epiRIL164,27
epiRIL164,27
epiRIL164,40
epiRIL164,40
epiRIL164,40
epiRIL166,33
epiRIL166,34
epiRIL166,34
epiRIL166,38
epiRIL166,39
epiRIL169,35
epiRIL169,36
epiRIL169,36
epiRIL169,39
epiRIL169,40
epiRIL170,33
epiRIL170,36
epiRIL170,37
epiRIL170,39
epiRIL170,40
epiRIL172,34
epiRIL172,34
epiRIL172,34
epiRIL172,36
epiRIL172,36
epiRIL18,38
epiRIL18,39
epiRIL18,39
epiRIL18,40
epiRIL18,46
epiRIL183,35
epiRIL183,36
epiRIL183,37
epiRIL183,38
epiRIL183,40
epiRIL193,12
epiRIL193,27
epiRIL193,30
epiRIL193,36
epiRIL193,37
epiRIL195,34
epiRIL195,36
epiRIL195,37
epiRIL195,40
epiRIL195,40
epiRIL20,35
epiRIL20,37
epiRIL20,38
epiRIL20,46
epiRIL20,47
epiRIL202,30
epiRIL202,32
epiRIL202,33
epiRIL202,34
epiRIL202,36
epiRIL208,31
epiRIL208,32
epiRIL208,34
epiRIL208,36
epiRIL208,37
epiRIL215,32
epiRIL215,35
epiRIL215,35
epiRIL215,37
epiRIL215,38
epiRIL216,23
epiRIL216,29
epiRIL216,32
epiRIL216,32
epiRIL216,33
epiRIL218,17
epiRIL218,32
epiRIL218,34
epiRIL218,35
epiRIL218,43
epiRIL222,17
epiRIL222,24
epiRIL222,33
epiRIL222,34
epiRIL222,35
epiRIL225,31
epiRIL225,36
epiRIL225,39
epiRIL225,39
epiRIL225,40
epiRIL229,24
epiRIL229,30
epiRIL229,31
epiRIL229,34
epiRIL229,38
epiRIL232,27
epiRIL232,31
epiRIL232,32
epiRIL232,32
epiRIL232,34
epiRIL238,28
epiRIL238,33
epiRIL238,37
epiRIL238,37
epiRIL238,47
epiRIL24,36
epiRIL24,37
epiRIL24,38
epiRIL24,40
epiRIL24,46
epiRIL244,12
epiRIL244,37
epiRIL244,38
epiRIL244,40
epiRIL244,46
epiRIL252,34
epiRIL252,37
epiRIL252,40
epiRIL252,44
epiRIL252,57
epiRIL257,33
epiRIL257,34
epiRIL257,34
epiRIL257,34
epiRIL257,37
epiRIL258,10
epiRIL258,30
epiRIL258,32
epiRIL258,36
epiRIL258,38
epiRIL260,37
epiRIL260,40
epiRIL260,40
epiRIL260,44
epiRIL260,47
epiRIL262,35
epiRIL262,36
epiRIL262,37
epiRIL262,40
epiRIL262,46
epiRIL275,34
epiRIL275,35
epiRIL275,37
epiRIL275,38
epiRIL275,38
epiRIL276,34
epiRIL276,35
epiRIL276,37
epiRIL276,40
epiRIL276,46
epiRIL277,25
epiRIL277,31
epiRIL277,34
epiRIL277,36
epiRIL277,40
epiRIL297,33
epiRIL297,34
epiRIL297,35
epiRIL297,38
epiRIL297,39
epiRIL305,19
epiRIL305,32
epiRIL305,34
epiRIL305,35
epiRIL305,37
epiRIL315,33
epiRIL315,35
epiRIL315,37
epiRIL315,40
epiRIL315,41
epiRIL323,35
epiRIL323,35
epiRIL323,36
epiRIL323,37
epiRIL323,40
epiRIL326,35
epiRIL326,36
epiRIL326,39
epiRIL326,39
epiRIL326,40
epiRIL333,35
epiRIL333,40
epiRIL333,40
epiRIL333,40
epiRIL333,46
epiRIL340,35
epiRIL340,36
epiRIL340,37
epiRIL340,39
epiRIL340,47
epiRIL344,32
epiRIL344,32
epiRIL344,34
epiRIL344,35
epiRIL344,35
epiRIL350,32
epiRIL350,33
epiRIL350,34
epiRIL350,35
epiRIL350,40
epiRIL356,34
epiRIL356,35
epiRIL356,35
epiRIL356,37
epiRIL356,37
epiRIL36,32
epiRIL36,34
epiRIL36,36
epiRIL36,36
epiRIL36,40
epiRIL361,36
epiRIL361,37
epiRIL361,40
epiRIL361,44
epiRIL361,48
epiRIL362,32
epiRIL362,33
epiRIL362,36
epiRIL362,40
epiRIL362,41
epiRIL363,12
epiRIL363,22
epiRIL363,34
epiRIL363,35
epiRIL363,39
epiRIL366,22
epiRIL366,34
epiRIL366,34
epiRIL366,37
epiRIL366,68
epiRIL368,36
epiRIL368,39
epiRIL368,40
epiRIL368,40
epiRIL368,46
epiRIL371,28
epiRIL371,34
epiRIL371,35
epiRIL371,36
epiRIL371,39
epiRIL375,34
epiRIL375,34
epiRIL375,35
epiRIL375,36
epiRIL375,37
epiRIL391,32
epiRIL391,33
epiRIL391,34
epiRIL391,37
epiRIL391,40
epiRIL393,39
epiRIL393,40
epiRIL393,40
epiRIL393,50
epiRIL393,54
epiRIL394,30
epiRIL394,36
epiRIL394,38
epiRIL394,46
epiRIL394,47
epiRIL400,37
epiRIL400,37
epiRIL400,39
epiRIL400,40
epiRIL400,43
epiRIL408,36
epiRIL408,39
epiRIL408,41
epiRIL408,44
epiRIL408,57
epiRIL410,31
epiRIL410,39
epiRIL410,39
epiRIL410,41
epiRIL410,41
epiRIL425,31
epiRIL425,34
epiRIL425,35
epiRIL425,36
epiRIL425,37
epiRIL432,24
epiRIL432,35
epiRIL432,36
epiRIL432,38
epiRIL432,
epiRIL434,37
epiRIL434,39
epiRIL434,40
epiRIL434,40
epiRIL434,40
epiRIL437,34
epiRIL437,34
epiRIL437,37
epiRIL437,38
epiRIL437,40
epiRIL438,29
epiRIL438,31
epiRIL438,32
epiRIL438,35
epiRIL438,38
epiRIL439,36
epiRIL439,36
epiRIL439,37
epiRIL439,40
epiRIL439,40
epiRIL454,33
epiRIL454,33
epiRIL454,33
epiRIL454,33
epiRIL454,36
epiRIL458,32
epiRIL458,33
epiRIL458,34
epiRIL458,36
epiRIL458,36
epiRIL46,26
epiRIL46,31
epiRIL46,33
epiRIL46,36
epiRIL46,68
epiRIL466,33
epiRIL466,33
epiRIL466,35
epiRIL466,35
epiRIL466,36
epiRIL467,31
epiRIL467,33
epiRIL467,33
epiRIL467,35
epiRIL467,37
epiRIL471,33
epiRIL471,35
epiRIL471,35
epiRIL471,37
epiRIL471,37
epiRIL473,36
epiRIL473,36
epiRIL473,38
epiRIL473,40
epiRIL473,40
epiRIL477,38
epiRIL477,40
epiRIL477,40
epiRIL477,40
epiRIL477,44
epiRIL480,37
epiRIL480,39
epiRIL480,40
epiRIL480,40
epiRIL480,45
epiRIL488,29
epiRIL488,34
epiRIL488,38
epiRIL488,42
epiRIL488,62
epiRIL492,32
epiRIL492,36
epiRIL492,38
epiRIL492,38
epiRIL492,
epiRIL493,33
epiRIL493,38
epiRIL493,39
epiRIL493,40
epiRIL493,44
epiRIL494,8
epiRIL494,31
epiRIL494,35
epiRIL494,38
epiRIL494,40
epiRIL495,27
epiRIL495,36
epiRIL495,37
epiRIL495,38
epiRIL495,43
epiRIL497,33
epiRIL497,36
epiRIL497,38
epiRIL497,39
epiRIL497,40
epiRIL500,35
epiRIL500,36
epiRIL500,37
epiRIL500,38
epiRIL500,47
epiRIL503,36
epiRIL503,40
epiRIL503,40
epiRIL503,42
epiRIL503,49
epiRIL506,30
epiRIL506,35
epiRIL506,37
epiRIL506,39
epiRIL506,43
epiRIL508,30
epiRIL508,30
epiRIL508,33
epiRIL508,34
epiRIL508,35
epiRIL52,35
epiRIL52,38
epiRIL52,39
epiRIL52,40
epiRIL52,43
epiRIL523,31
epiRIL523,32
epiRIL523,32
epiRIL523,34
epiRIL523,35
epiRIL53,33
epiRIL53,35
epiRIL53,39
epiRIL53,40
epiRIL53,46
epiRIL538,31
epiRIL538,32
epiRIL538,34
epiRIL538,34
epiRIL538,46
epiRIL539,34
epiRIL539,34
epiRIL539,38
epiRIL539,40
epiRIL539,46
epiRIL54,35
epiRIL54,38
epiRIL54,40
epiRIL54,47
epiRIL54,50
epiRIL55,34
epiRIL55,35
epiRIL55,37
epiRIL55,38
epiRIL55,39
epiRIL556,34
epiRIL556,34
epiRIL556,34
epiRIL556,36
epiRIL556,49
epiRIL558,34
epiRIL558,35
epiRIL558,36
epiRIL558,36
epiRIL558,39
epiRIL559,32
epiRIL559,34
epiRIL559,43
epiRIL559,44
epiRIL559,46
epiRIL561,31
epiRIL561,34
epiRIL561,37
epiRIL561,37
epiRIL561,38
epiRIL567,31
epiRIL567,33
epiRIL567,36
epiRIL567,38
epiRIL567,38
epiRIL570,25
epiRIL570,34
epiRIL570,35
epiRIL570,40
epiRIL570,40
epiRIL572,26
epiRIL572,36
epiRIL572,36
epiRIL572,37
epiRIL572,40
epiRIL573,34
epiRIL573,36
epiRIL573,37
epiRIL573,44
epiRIL573,54
epiRIL579,33
epiRIL579,34
epiRIL579,35
epiRIL579,35
epiRIL579,37
epiRIL60,36
epiRIL60,49
epiRIL60,53
epiRIL60,53
epiRIL60,55
epiRIL600,28
epiRIL600,34
epiRIL600,36
epiRIL600,37
epiRIL600,40
epiRIL601,32
epiRIL601,32
epiRIL601,34
epiRIL601,36
epiRIL601,39
epiRIL602,37
epiRIL602,38
epiRIL602,39
epiRIL602,39
epiRIL602,46
epiRIL603,37
epiRIL603,40
epiRIL603,40
epiRIL603,40
epiRIL603,44
epiRIL604,32
epiRIL604,33
epiRIL604,38
epiRIL604,40
epiRIL604,49
epiRIL62,34
epiRIL62,35
epiRIL62,38
epiRIL62,38
epiRIL62,40
epiRIL64,32
epiRIL64,35
epiRIL64,36
epiRIL64,37
epiRIL64,38
epiRIL69,32
epiRIL69,36
epiRIL69,40
epiRIL69,44
epiRIL69,55
epiRIL70,21
epiRIL70,33
epiRIL70,33
epiRIL70,35
epiRIL70,37
epiRIL71,19
epiRIL71,29
epiRIL71,32
epiRIL71,32
epiRIL71,35
epiRIL73,36
epiRIL73,37
epiRIL73,37
epiRIL73,40
epiRIL73,40
epiRIL8,32
epiRIL8,33
epiRIL8,34
epiRIL8,37
epiRIL8,40
epiRIL92,22
epiRIL92,26
epiRIL92,31
epiRIL92,35
epiRIL92,
epiRIL93,34
epiRIL93,35
epiRIL93,35
epiRIL93,36
epiRIL93,40
epiRIL94,36
epiRIL94,38
epiRIL94,39
epiRIL94,40
epiRIL94,46
epiRIL95,32
epiRIL95,35
epiRIL95,37
epiRIL95,39
epiRIL95,47
epiRIL99,34
epiRIL99,40
epiRIL99,44
epiRIL99,47
epiRIL99,49